Rank,Company Name,Number of Employees,"Change in 
Rank","Revenues
($millions)","Revenue 
Change","Profits
($millions)","Profit 
Change","Assets
($millions)","Market Value 
As of 3/29/19 ($m)"
1,Walmart,"22,00,000",-,"$5,14,405",2.8%,"$6,670.0 ",-32.4%,"$2,19,295","$2,79,880"
2,Exxon Mobil,"71,000",-,"$2,90,212",18.8%,"$20,840.0 ",5.7%,"$3,46,196","$3,42,172"
3,Apple,"1,32,000",1 ,"$2,65,595",15.9%,"$59,531.0 ",23.1%,"$3,65,725","$8,95,667"
4,Berkshire Hathaway,"3,89,000",-1 ,"$2,47,837",2.4%,"$4,021.0 ",-91.1%,"$7,07,794","$4,93,870"
5,Amazon.com,"6,47,500",3 ,"$2,32,887",30.9%,"$10,073.0 ",232.1%,"$1,62,648","$8,74,710"
6,UnitedHealth Group,"3,00,000",-1 ,"$2,26,247",12.5%,"$11,986.0 ",13.5%,"$1,52,221","$2,37,256"
7,McKesson,"68,000",-1 ,"$2,08,357",4.9%,$67.0 ,-98.7%,"$60,381","$22,455"
8,CVS Health,"2,95,000",-1 ,"$1,94,579",5.3%,-$594.0 ,-109.0%,"$1,96,456","$69,952"
9,AT&T,"2,68,220",-,"$1,70,756",6.4%,"$19,370.0 ",-34.2%,"$5,31,864","$2,28,445"
10,AmerisourceBergen,"20,500",2 ,"$1,67,940",9.7%,"$1,658.4 ",355.0%,"$37,670","$16,786"
11,Chevron,"48,600",2 ,"$1,66,339",23.6%,"$14,824.0 ",61.2%,"$2,53,863","$2,34,050"
12,Ford Motor,"1,99,000",-1 ,"$1,60,338",2.3%,"$3,677.0 ",-51.6%,"$2,56,540","$35,028"
13,General Motors,"1,73,000",-3 ,"$1,47,049",-6.5%,"$8,014.0 ",-,"$2,27,339","$52,292"
14,Costco Wholesale,"1,94,000",1 ,"$1,41,576",9.7%,"$3,134.0 ",17.0%,"$40,830","$1,06,513"
15,Alphabet,"98,771",7 ,"$1,36,819",23.4%,"$30,736.0 ",142.7%,"$2,32,792","$8,16,824"
16,Cardinal Health,"50,200",-2 ,"$1,36,809",5.3%,$256.0 ,-80.1%,"$39,951","$14,350"
17,Walgreens Boots Alliance,"2,99,000",2 ,"$1,31,537",11.3%,"$5,024.0 ",23.2%,"$68,124","$59,692"
18,JPMorgan Chase,"2,56,105",2 ,"$1,31,412",15.4%,"$32,474.0 ",32.9%,"$26,22,532","$3,31,452"
19,Verizon Communications,"1,44,500",-3 ,"$1,30,863",3.8%,"$15,528.0 ",-48.4%,"$2,64,829","$2,44,328"
20,Kroger,"4,53,000",-3 ,"$1,21,162",-1.2%,"$3,110.0 ",63.1%,"$38,118","$19,631"
21,General Electric,"2,83,000",-3 ,"$1,20,268",-1.6%,"-$22,355.0 ",-,"$3,09,129","$87,009"
22,Fannie Mae,"7,400",-1 ,"$1,20,101",6.9%,"$15,959.0 ",547.9%,"$34,18,318","$3,243"
23,Phillips 66,"14,200",5 ,"$1,14,217",24.7%,"$5,595.0 ",9.6%,"$54,302","$43,241"
24,Valero Energy,"10,261",7 ,"$1,11,407",26.0%,"$3,122.0 ",-23.2%,"$50,155","$35,426"
25,Bank of America,"2,04,489",-1 ,"$1,10,584",10.3%,"$28,147.0 ",54.4%,"$23,54,507","$2,65,939"
26,Microsoft,"1,31,000",4 ,"$1,10,360",22.7%,"$16,571.0 ",-21.8%,"$2,58,848","$9,04,861"
27,Home Depot,"4,13,000",-4 ,"$1,08,203",7.2%,"$11,121.0 ",28.9%,"$44,003","$2,11,828"
28,Boeing,"1,53,000",-1 ,"$1,01,127",8.3%,"$10,460.0 ",27.6%,"$1,17,359","$2,15,305"
29,Wells Fargo,"2,58,700",-3 ,"$1,01,060",3.4%,"$22,393.0 ",0.9%,"$18,95,883","$2,19,467"
30,Citigroup,"2,04,000",2 ,"$97,120",10.4%,"$18,045.0 ",-,"$19,17,383","$1,45,625"
31,Marathon Petroleum,"60,350",10 ,"$97,102",43.6%,"$2,780.0 ",-19.0%,"$92,940","$40,258"
32,Comcast,"1,84,000",1 ,"$94,507",11.8%,"$11,731.0 ",-48.4%,"$2,51,684","$1,80,948"
33,Anthem,"63,900",-4 ,"$92,105",2.3%,"$3,750.0 ",-2.4%,"$71,571","$73,827"
34,Dell Technologies,"1,57,000",1 ,"$90,621",15.2%,"-$2,310.0 ",-,"$1,11,820","$42,171"
35,DuPont de Nemours,"98,000",12 ,"$85,977",37.2%,"$3,844.0 ",163.3%,"$1,88,030","$1,20,201"
36,State Farm Insurance,"56,788",-,"$81,732",4.3%,"$8,788.4 ",298.3%,"$2,72,518",-
37,Johnson & Johnson,"1,35,100",-,"$81,581",6.7%,"$15,297.0 ",1076.7%,"$1,52,954","$3,72,229"
38,IBM,"3,81,100",-4 ,"$79,591",0.6%,"$8,728.0 ",51.7%,"$1,23,382","$1,25,560"
39,Target,"3,60,000",-,"$75,356",4.8%,"$2,937.0 ",0.1%,"$41,290","$41,441"
40,Freddie Mac,"6,621",-2 ,"$73,598",-1.4%,"$9,235.0 ",64.2%,"$20,63,060","$1,749"
41,United Parcel Service,"3,64,575",3 ,"$71,861",9.1%,"$4,791.0 ",-2.4%,"$50,016","$96,116"
42,Lowe's,"2,45,000",-2 ,"$71,309",3.9%,"$2,314.0 ",-32.9%,"$34,508","$87,686"
43,Intel,"1,07,400",3 ,"$70,848",12.9%,"$21,053.0 ",119.3%,"$1,27,963","$2,41,489"
44,MetLife,"48,000",-1 ,"$67,941",2.7%,"$5,123.0 ",27.8%,"$6,87,538","$40,751"
45,Procter & Gamble,"92,000",-3 ,"$66,832",0.9%,"$9,750.0 ",-36.4%,"$1,18,310","$2,60,289"
46,United Technologies,"2,40,200",5 ,"$66,501",11.1%,"$5,269.0 ",15.8%,"$1,34,211","$1,11,146"
47,FedEx,"3,59,000",3 ,"$65,450",8.5%,"$4,572.0 ",52.6%,"$52,330","$47,271"
48,PepsiCo,"2,67,000",-3 ,"$64,661",1.8%,"$12,515.0 ",157.7%,"$77,648","$1,72,095"
49,Archer Daniels Midland,"31,600",-1 ,"$64,341",5.8%,"$1,810.0 ",13.5%,"$40,833","$24,157"
50,Prudential Financial,"50,492",2 ,"$62,992",5.5%,"$4,074.0 ",-48.2%,"$8,15,078","$37,518"
51,Centene,"47,300",10 ,"$60,116",23.8%,$900.0 ,8.7%,"$30,901","$21,940"
52,Albertsons,"2,75,000",1 ,"$59,925",0.4%,$46.3 ,-,"$21,812",-
53,Walt Disney,"2,01,000",2 ,"$59,434",7.8%,"$12,598.0 ",40.3%,"$98,598","$1,99,590"
54,Sysco,"67,000",-,"$58,727",6.1%,"$1,430.8 ",25.2%,"$18,070","$34,279"
55,HP,"55,000",3 ,"$58,472",12.3%,"$5,327.0 ",110.9%,"$34,622","$29,796"
56,Humana,"41,600",-,"$56,912",5.8%,"$1,683.0 ",-31.3%,"$25,413","$36,080"
57,Facebook,"35,587",19 ,"$55,838",37.4%,"$22,112.0 ",38.8%,"$97,334","$4,75,732"
58,Caterpillar,"1,04,000",7 ,"$54,722",20.4%,"$6,147.0 ",715.3%,"$78,509","$77,980"
59,Energy Transfer,"11,768",5 ,"$54,436",14.6%,"$1,694.0 ",77.6%,"$88,246","$40,260"
60,Lockheed Martin,"1,05,000",-1 ,"$53,762",5.3%,"$5,046.0 ",152.0%,"$44,876","$84,888"
61,Pfizer,"92,400",-4 ,"$53,647",2.1%,"$11,153.0 ",-47.7%,"$1,59,422","$2,35,785"
62,Goldman Sachs Group,"36,600",8 ,"$52,528",24.3%,"$10,459.0 ",144.0%,"$9,31,796","$70,415"
63,Morgan Stanley,"60,348",4 ,"$50,193",15.0%,"$8,748.0 ",43.2%,"$8,53,531","$72,111"
64,Cisco Systems,"74,200",-2 ,"$49,330",2.8%,$110.0 ,-98.9%,"$1,08,784","$2,37,666"
65,Cigna,"73,800",8 ,"$48,650",16.9%,"$2,637.0 ",17.9%,"$1,53,226","$61,059"
66,AIG,"49,600",-6 ,"$47,389",-4.3%,-$6.0 ,-,"$4,91,984","$37,440"
67,HCA Healthcare,"2,29,000",-4 ,"$46,677",-2.0%,"$3,787.0 ",70.9%,"$39,207","$44,787"
68,American Airlines Group,"1,28,900",3 ,"$44,541",5.5%,"$1,412.0 ",-26.4%,"$60,580","$14,262"
69,Delta Air Lines,"88,680",6 ,"$44,438",7.7%,"$3,935.0 ",10.0%,"$60,266","$35,068"
70,Charter Communications,"98,000",4 ,"$43,634",4.9%,"$1,230.0 ",-87.6%,"$1,46,130","$85,923"
71,New York Life Insurance,"11,388",-2 ,"$43,425",2.7%,$880.0 ,-52.9%,"$3,11,449",-
72,American Express,"59,000",14 ,"$43,281",21.6%,"$6,921.0 ",153.0%,"$1,88,602","$91,675"
73,Nationwide,"30,472",-7 ,"$43,270",-1.5%,$512.6 ,107.9%,"$2,14,142",-
74,Best Buy,"1,25,000",-2 ,"$42,879",1.7%,"$1,464.0 ",46.4%,"$12,901","$19,030"
75,Liberty Mutual Insurance Group,"50,000",-7 ,"$42,685",0.0%,"$2,160.0 ",12605.9%,"$1,25,989",-
76,Merck,"69,000",2 ,"$42,294",5.4%,"$6,220.0 ",159.8%,"$82,637","$2,14,680"
77,Honeywell International,"1,14,000",-,"$41,802",3.1%,"$6,765.0 ",308.8%,"$57,773","$1,15,753"
78,United Continental Holdings,"92,000",3 ,"$41,303",9.5%,"$2,129.0 ",-0.1%,"$44,792","$21,280"
79,TIAA,"17,643",5 ,"$41,052",14.0%,"$1,560.5 ",48.7%,"$5,68,190",-
80,Tyson Foods,"1,21,000",-,"$40,052",4.7%,"$3,024.0 ",70.5%,"$29,109","$25,361"
81,Oracle,"1,37,000",1 ,"$39,831",5.6%,"$3,825.0 ",-59.0%,"$1,37,264","$1,83,562"
82,Allstate,"45,420",-3 ,"$39,815",3.4%,"$2,252.0 ",-29.4%,"$1,12,249","$31,264"
83,World Fuel Services,"5,000",8 ,"$39,750",18.0%,$127.7 ,-,"$5,677","$1,941"
84,Massachusetts Mutual Life Insurance,"9,844",9 ,"$39,267",17.2%,$397.9 ,-22.4%,"$2,65,813",-
85,TJX,"2,70,000",-,"$38,973",8.7%,"$3,059.8 ",17.3%,"$14,326","$65,616"
86,ConocoPhillips,"10,800",9 ,"$38,727",18.9%,"$6,257.0 ",-,"$69,980","$75,710"
87,Deere,"74,413",15 ,"$37,358",25.6%,"$2,368.4 ",9.7%,"$70,108","$50,908"
88,Tech Data,"14,000",-5 ,"$37,239",1.3%,$340.6 ,192.0%,"$12,987","$3,779"
89,Enterprise Products Partners,"7,000",16 ,"$36,534",24.9%,"$4,172.4 ",49.1%,"$56,970","$63,580"
90,Nike,"73,100",-1 ,"$36,397",6.0%,"$1,933.0 ",-54.4%,"$22,536","$1,32,530"
91,Publix Super Markets,"2,02,000",-3 ,"$36,396",4.5%,"$2,381.2 ",3.9%,"$18,983",-
92,General Dynamics,"1,05,600",7 ,"$36,193",16.9%,"$3,345.0 ",14.9%,"$45,408","$48,883"
93,Exelon,"33,383",-1 ,"$35,985",7.3%,"$2,010.0 ",-46.7%,"$1,19,666","$48,624"
94,Plains GP Holdings,"4,900",21 ,"$34,055",29.9%,$334.0 ,-,"$26,830","$3,974"
95,3M,"93,516",2 ,"$32,765",3.5%,"$5,349.0 ",10.1%,"$36,500","$1,19,660"
96,AbbVie,"30,000",14 ,"$32,753",16.1%,"$5,687.0 ",7.1%,"$59,352","$1,19,125"
97,CHS,"10,495",-1 ,"$32,683",2.0%,$775.9 ,983.8%,"$16,381",-
98,Capital One Financial,"47,600",3 ,"$32,377",7.9%,"$6,015.0 ",203.5%,"$3,72,538","$38,341"
99,Progressive,"37,346",13 ,"$31,979",19.2%,"$2,615.3 ",64.3%,"$46,575","$42,100"
100,Coca-Cola,"62,600",-13 ,"$31,856",-10.0%,"$6,434.0 ",415.5%,"$83,216","$2,00,334"
101,USAA,"33,689",-1 ,"$31,368",4.5%,"$2,291.9 ",-5.4%,"$1,58,507",-
102,Hewlett Packard Enterprise,"60,000",5 ,"$30,852",6.9%,"$1,908.0 ",454.7%,"$55,493","$21,145"
103,Abbott Laboratories,"1,03,000",8 ,"$30,578",11.6%,"$2,368.0 ",396.4%,"$67,173","$1,40,412"
104,Twenty-First Century Fox,"22,400",5 ,"$30,400",6.7%,"$4,464.0 ",51.2%,"$53,831",-
105,Micron Technology,"36,000",45 ,"$30,391",49.5%,"$14,135.0 ",177.8%,"$43,376","$45,739"
106,Travelers,"30,400",-,"$30,282",4.8%,"$2,523.0 ",22.7%,"$1,04,233","$36,127"
107,Rite Aid,"48,410",-13 ,"$30,215",-8.0%,$943.5 ,23178.3%,"$8,989",$686
108,Northrop Grumman,"85,000",10 ,"$30,095",16.6%,"$3,229.0 ",60.2%,"$37,653","$45,821"
109,Arrow Electronics,"20,100",4 ,"$29,677",10.7%,$716.2 ,78.2%,"$17,784","$6,564"
110,Philip Morris International,"77,400",-2 ,"$29,625",3.1%,"$7,911.0 ",31.1%,"$39,801","$1,37,517"
111,Northwestern Mutual,"5,870",-7 ,"$29,124",-0.7%,$783.0 ,-23.0%,"$2,72,167",-
112,INTL FCStone,"1,701",-9 ,"$27,623",-6.1%,$55.5 ,767.2%,"$7,825",$740
113,PBF Energy,"3,266",22 ,"$27,186",24.8%,$128.3 ,-69.1%,"$8,005","$3,732"
114,Raytheon,"67,000",5 ,"$27,058",6.7%,"$2,909.0 ",43.7%,"$31,864","$51,390"
115,Kraft Heinz,"39,000",-1 ,"$26,259",0.1%,"-$10,229.0 ",-193.0%,"$1,03,627","$39,815"
116,Mondelez International,"80,000",1 ,"$25,938",0.2%,"$3,381.0 ",15.7%,"$62,729","$72,172"
117,U.S. Bancorp,"75,772",5 ,"$25,775",7.4%,"$7,096.0 ",14.1%,"$4,67,374","$77,117"
118,Macy's,"1,30,000",2 ,"$25,739",3.6%,"$1,108.0 ",-28.4%,"$19,194","$7,388"
119,Dollar General,"1,35,000",4 ,"$25,625",9.2%,"$1,589.5 ",3.3%,"$13,204","$30,961"
120,Nucor,"26,300",31 ,"$25,067",23.8%,"$2,360.8 ",79.0%,"$17,921","$17,784"
121,Starbucks,"2,91,000",11 ,"$24,720",10.4%,"$4,518.3 ",56.6%,"$24,156","$92,449"
122,DXC Technology,"1,50,000",252 ,"$24,556",222.8%,"$1,751.0 ",-,"$33,921","$17,253"
123,Eli Lilly,"38,680",6 ,"$24,556",7.4%,"$3,232.0 ",-,"$43,908","$1,34,356"
124,Thermo Fisher Scientific,"69,200",20 ,"$24,358",16.4%,"$2,938.0 ",32.0%,"$56,232","$1,09,215"
125,US Foods Holding,"24,900",-4 ,"$24,175",0.1%,$407.0 ,-8.4%,"$9,186","$7,598"
126,Duke Energy,"30,083",-1 ,"$24,116",4.0%,"$2,666.0 ",-12.8%,"$1,45,392","$65,488"
127,Halliburton,"60,000",19 ,"$23,995",16.4%,"$1,656.0 ",-,"$25,982","$25,566"
128,Cummins,"62,610",21 ,"$23,771",16.4%,"$2,141.0 ",114.3%,"$19,062","$24,839"
129,Amgen,"21,500",1 ,"$23,747",3.9%,"$8,394.0 ",324.2%,"$66,416","$1,18,220"
130,Paccar,"28,000",25 ,"$23,496",20.8%,"$2,195.1 ",31.0%,"$25,482","$23,630"
131,Southern,"30,286",-5 ,"$23,495",2.0%,"$2,226.0 ",164.4%,"$1,16,914","$53,466"
132,CenturyLink,"45,000",34 ,"$23,443",32.8%,"-$1,733.0 ",-224.8%,"$70,256","$12,947"
133,International Paper,"53,000",-9 ,"$23,306",0.0%,"$2,012.0 ",-6.2%,"$33,576","$18,519"
134,Union Pacific,"41,967",7 ,"$22,832",7.5%,"$5,966.0 ",-44.3%,"$59,147","$1,20,865"
135,Dollar Tree,"1,19,650",-1 ,"$22,823",2.6%,"-$1,590.8 ",-192.8%,"$13,501","$25,021"
136,Penske Automotive Group,"27,000",3 ,"$22,785",6.5%,$471.0 ,-23.2%,"$10,905","$3,757"
137,Qualcomm,"35,400",-4 ,"$22,732",2.0%,"-$4,864.0 ",-297.2%,"$32,686","$69,024"
138,Bristol-Myers Squibb,"23,300",7 ,"$22,561",8.6%,"$4,920.0 ",388.6%,"$34,986","$77,895"
139,Gilead Sciences,"11,000",-23 ,"$22,127",-15.2%,"$5,455.0 ",17.9%,"$63,675","$82,881"
140,Jabil,"1,99,000",19 ,"$22,095",15.9%,$86.3 ,-33.1%,"$12,046","$4,114"
141,ManpowerGroup,"30,000",2 ,"$21,991",4.5%,$556.7 ,2.1%,"$8,520","$4,965"
142,Southwest Airlines,"58,803",-,"$21,965",3.8%,"$2,465.0 ",-29.3%,"$26,243","$28,690"
143,Aflac,"11,390",-6 ,"$21,758",0.4%,"$2,920.0 ",-36.6%,"$1,40,406","$37,443"
144,Tesla,"48,817",116 ,"$21,461",82.5%,-$976.1 ,-,"$29,740","$48,338"
145,AutoNation,"26,000",-7 ,"$21,413",-0.6%,$396.0 ,-8.9%,"$10,665","$3,217"
146,CBRE Group,"90,000",61 ,"$21,340",50.2%,"$1,063.2 ",53.8%,"$13,457","$16,607"
147,Lear,"1,69,000",1 ,"$21,149",3.3%,"$1,149.8 ",-12.5%,"$11,601","$8,470"
148,Whirlpool,"92,000",-8 ,"$21,037",-1.0%,-$183.0 ,-152.3%,"$18,347","$8,455"
149,McDonald's,"2,10,000",-18 ,"$21,025",-7.9%,"$5,924.3 ",14.1%,"$32,811","$1,45,334"
150,Broadcom,"15,000",-,"$20,848",18.1%,"$12,259.0 ",624.5%,"$50,124","$1,19,035"
151,Marriott International,"1,76,000",-24 ,"$20,758",-9.3%,"$1,907.0 ",39.0%,"$23,696","$42,117"
152,Western Digital,"71,600",6 ,"$20,647",8.1%,$675.0 ,70.0%,"$29,235","$13,978"
153,Visa,"17,000",8 ,"$20,609",12.3%,"$10,301.0 ",53.8%,"$69,225","$3,43,774"
154,Lennar,"11,626",76 ,"$20,572",62.7%,"$1,695.8 ",109.2%,"$28,566","$15,514"
155,WellCare Health Plans,"12,000",15 ,"$20,414",20.0%,$439.8 ,17.7%,"$11,765","$13,569"
156,Kohl's,"81,500",1 ,"$20,229",5.9%,$801.0 ,-6.8%,"$12,469","$11,221"
157,AECOM,"87,000",7 ,"$20,156",10.7%,$136.5 ,-59.8%,"$14,681","$4,631"
158,Synnex,"2,31,600",11 ,"$20,054",17.6%,$300.6 ,-0.2%,"$11,480","$4,885"
159,PNC Financial Services,"51,996",6 ,"$19,993",10.9%,"$5,301.0 ",-0.7%,"$3,82,315","$55,640"
160,Danaher,"71,000",2 ,"$19,893",8.5%,"$2,650.9 ",6.4%,"$47,833","$94,486"
161,Hartford Financial Services,"18,500",-5 ,"$19,827",3.1%,"$1,807.0 ",-,"$62,307","$17,873"
162,Altria Group,"8,300",-8 ,"$19,627",0.7%,"$6,963.0 ",-31.9%,"$55,638","$1,07,649"
163,Bank of New York Mellon,"51,300",12 ,"$19,214",15.6%,"$4,266.0 ",4.3%,"$3,62,873","$48,153"
164,Fluor,"53,349",-11 ,"$19,167",-1.8%,$224.8 ,17.5%,"$8,914","$5,138"
165,Avnet,"15,400",-37 ,"$19,037",-16.8%,-$156.4 ,-129.8%,"$9,597","$4,703"
166,Icahn Enterprises,"29,034",-30 ,"$18,979",-12.7%,"$1,507.0 ",-38.0%,"$23,396","$13,875"
167,Occidental Petroleum,"11,000",53 ,"$18,934",42.6%,"$4,131.0 ",215.1%,"$43,854","$49,510"
168,Molina Healthcare,"11,000",-16 ,"$18,890",-5.0%,$707.0 ,-,"$7,154","$8,891"
169,Genuine Parts,"50,000",8 ,"$18,735",14.9%,$810.5 ,31.4%,"$12,683","$16,350"
170,Freeport-McMoRan,"26,800",6 ,"$18,628",13.5%,"$2,602.0 ",43.2%,"$42,216","$18,678"
171,Kimberly-Clark,"41,000",-8 ,"$18,486",1.2%,"$1,410.0 ",-38.1%,"$14,518","$42,635"
172,Tenet Healthcare,"1,02,795",-25 ,"$18,313",-11.2%,$111.0 ,-,"$22,409","$2,969"
173,Synchrony Financial,"16,500",-,"$18,253",9.3%,"$2,790.0 ",44.2%,"$1,06,792","$22,645"
174,CarMax,"25,110",-,"$17,977",8.1%,$664.1 ,5.9%,"$17,486","$11,690"
175,HollyFrontier,"3,622",31 ,"$17,715",24.3%,"$1,098.0 ",36.3%,"$10,995","$8,414"
176,Performance Food Group,"15,000",-5 ,"$17,620",5.1%,$198.7 ,106.3%,"$4,001","$4,170"
177,Sherwin-Williams,"53,368",13 ,"$17,535",17.0%,"$1,108.7 ",-37.4%,"$19,134","$39,919"
178,Emerson Electric,"87,500",-,"$17,408",6.8%,"$2,203.0 ",45.1%,"$20,390","$42,083"
179,NGL Energy Partners,"2,400",44 ,"$17,283",32.7%,-$70.9 ,-151.7%,"$6,151","$1,740"
180,XPO Logistics,"1,00,000",6 ,"$17,279",12.3%,$422.0 ,24.0%,"$12,270","$5,868"
181,EOG Resources,"2,800",89 ,"$17,275",54.1%,"$3,419.0 ",32.4%,"$33,935","$55,210"
182,Applied Materials,"21,000",19 ,"$17,253",18.7%,"$3,313.0 ",-3.5%,"$17,773","$37,653"
183,PG&E,"24,000",-15 ,"$16,759",-2.2%,"-$6,851.0 ",-516.2%,"$76,995","$9,391"
184,NextEra Energy,"14,300",-17 ,"$16,727",-2.7%,"$6,638.0 ",23.4%,"$1,03,702","$92,439"
185,C.H. Robinson Worldwide,"15,262",8 ,"$16,631",11.8%,$664.5 ,31.6%,"$4,427","$11,949"
186,Gap,"1,35,000",-5 ,"$16,580",4.6%,"$1,003.0 ",18.3%,"$8,049","$9,912"
187,Lincoln National,"11,034",18 ,"$16,424",15.2%,"$1,641.0 ",-21.1%,"$2,98,147","$11,992"
188,DaVita,"77,700",-9 ,"$16,369",2.1%,$159.4 ,-76.0%,"$19,110","$9,034"
189,Jones Lang LaSalle,"90,000",167 ,"$16,318",105.7%,$484.5 ,90.6%,"$10,026","$7,034"
190,WestRock,"45,100",4 ,"$16,285",9.6%,"$1,906.1 ",169.1%,"$25,361","$9,794"
191,CDW,"9,019",-2 ,"$16,241",6.9%,$643.0 ,22.9%,"$7,168","$14,172"
192,American Electric Power,"17,582",-7 ,"$16,196",5.0%,"$1,923.8 ",0.6%,"$68,803","$41,313"
193,Cognizant Technology Solutions,"2,81,600",2 ,"$16,125",8.9%,"$2,101.0 ",39.7%,"$15,913","$41,666"
194,D.R. Horton,"8,437",17 ,"$16,068",14.0%,"$1,460.3 ",40.6%,"$14,115","$15,452"
195,Becton Dickinson,"76,032",56 ,"$15,983",32.2%,$311.0 ,-71.7%,"$53,904","$67,193"
196,Nordstrom,"74,000",-13 ,"$15,860",2.5%,$564.0 ,29.1%,"$7,886","$6,879"
197,Netflix,"7,100",64 ,"$15,794",35.1%,"$1,211.2 ",116.7%,"$25,974","$1,55,674"
198,Aramark,"2,27,200",2 ,"$15,790",8.1%,$567.9 ,51.9%,"$13,720","$7,278"
199,Texas Instruments,"29,888",-7 ,"$15,784",5.5%,"$5,580.0 ",51.5%,"$17,137","$99,559"
200,General Mills,"40,000",-18 ,"$15,740",0.8%,"$2,131.0 ",28.6%,"$30,624","$30,987"
201,Supervalu,"23,000",-21 ,"$15,679",-2.1%,$45.0 ,-93.1%,"$4,387",-
202,Colgate-Palmolive,"34,500",-18 ,"$15,544",0.6%,"$2,400.0 ",18.6%,"$12,161","$58,931"
203,Goodyear Tire & Rubber,"64,000",-16 ,"$15,475",0.6%,$693.0 ,100.3%,"$16,872","$4,216"
204,PayPal Holdings,"21,800",18 ,"$15,451",18.0%,"$2,057.0 ",14.6%,"$43,332","$1,21,826"
205,PPG Industries,"47,300",-14 ,"$15,374",2.7%,"$1,341.0 ",-15.7%,"$16,015","$26,649"
206,Omnicom Group,"70,400",-18 ,"$15,290",0.1%,"$1,326.4 ",21.9%,"$24,617","$16,327"
207,Celgene,"8,852",17 ,"$15,281",17.5%,"$4,046.0 ",37.6%,"$35,480","$66,242"
208,Jacobs Engineering Group,"77,600",89 ,"$14,985",49.5%,$163.4 ,-44.4%,"$12,646","$10,490"
209,Ross Stores,"88,100",-,"$14,984",6.0%,"$1,587.5 ",16.5%,"$6,074","$34,502"
210,Marsh & McLennan,"66,000",2 ,"$14,950",6.6%,"$1,650.0 ",10.6%,"$21,578","$47,660"
210,Mastercard,"14,800",26 ,"$14,950",19.6%,"$5,859.0 ",49.7%,"$24,860","$2,41,550"
212,Land O'Lakes,"10,000",4 ,"$14,936",8.7%,$254.5 ,-19.0%,"$9,124",-
213,Waste Management,"43,700",-11 ,"$14,914",3.0%,"$1,925.0 ",-1.2%,"$22,650","$44,129"
214,Illinois Tool Works,"48,000",-10 ,"$14,768",3.2%,"$2,563.0 ",51.9%,"$14,870","$46,923"
215,Ecolab,"49,000",-,"$14,668",6.0%,"$1,429.1 ",-5.3%,"$20,075","$50,908"
216,Booking Holdings,"24,500",13 ,"$14,527",14.6%,"$3,998.0 ",70.8%,"$22,687","$78,543"
217,CBS,"14,750",-20 ,"$14,514",-1.3%,"$1,960.0 ",449.0%,"$21,859","$17,727"
218,Parker-Hannifin,"57,170",38 ,"$14,302",18.9%,"$1,060.8 ",7.9%,"$15,320","$22,202"
219,Principal Financial,"16,475",-9 ,"$14,237",1.0%,"$1,546.5 ",-33.1%,"$2,43,036","$13,969"
220,DTE Energy,"10,600",12 ,"$14,212",12.7%,"$1,120.0 ",-1.2%,"$36,288","$22,854"
221,BlackRock,"14,900",16 ,"$14,198",13.7%,"$4,305.0 ",-13.4%,"$1,59,573","$67,538"
222,United States Steel,"29,000",24 ,"$14,178",15.7%,"$1,115.0 ",188.1%,"$10,982","$3,379"
223,Community Health Systems,"78,500",-63 ,"$14,155",-23.4%,-$788.0 ,-,"$15,859",$434
224,Kinder Morgan,"11,012",-6 ,"$14,144",3.2%,"$1,609.0 ",779.2%,"$78,866","$45,295"
225,Qurate Retail,"27,226",63 ,"$14,070",35.2%,$916.0 ,-62.5%,"$17,841","$6,962"
226,Loews,"17,900",-9 ,"$14,066",2.4%,$636.0 ,-45.4%,"$78,316","$14,921"
227,Arconic,"43,000",-2 ,"$14,014",8.1%,$642.0 ,-,"$18,693","$8,658"
228,Stanley Black & Decker,"60,767",-,"$13,982",9.7%,$605.2 ,-50.6%,"$19,408","$20,610"
229,Textron,"35,000",-21 ,"$13,972",-1.6%,"$1,222.0 ",298.0%,"$14,264","$11,847"
230,Las Vegas Sands,"51,500",-3 ,"$13,729",6.6%,"$2,413.0 ",-14.0%,"$22,547","$47,247"
231,Estee Lauder,"46,000",27 ,"$13,683",15.7%,"$1,108.0 ",-11.3%,"$12,567","$59,791"
232,DISH Network,"16,000",-29 ,"$13,621",-5.4%,"$1,575.1 ",-24.9%,"$30,587","$14,828"
233,Stryker,"36,000",7 ,"$13,601",9.3%,"$3,553.0 ",248.3%,"$27,229","$73,696"
234,Kellogg,"34,000",-8 ,"$13,547",4.8%,"$1,336.0 ",5.3%,"$17,780","$19,723"
235,Biogen,"7,800",10 ,"$13,453",9.6%,"$4,430.7 ",74.5%,"$25,289","$46,498"
236,Alcoa,"14,000",26 ,"$13,403",15.0%,$227.0 ,4.6%,"$15,938","$5,224"
237,Anadarko Petroleum,"4,700",20 ,"$13,382",12.4%,$615.0 ,-,"$40,376","$22,828"
238,Dominion Energy,"16,100",-5 ,"$13,366",6.2%,"$2,447.0 ",-18.4%,"$77,914","$61,282"
239,ADP,"57,000",4 ,"$13,326",7.6%,"$1,620.8 ",-6.5%,"$37,089","$69,588"
240,salesforce.com,"35,000",45 ,"$13,282",26.7%,"$1,110.0 ",770.7%,"$30,737","$1,22,103"
241,L Brands,"57,200",-10 ,"$13,237",4.8%,$643.9 ,-34.5%,"$8,090","$7,590"
242,Henry Schein,"22,600",-4 ,"$13,202",5.9%,$535.9 ,31.9%,"$8,501","$9,101"
243,Newell Brands,"37,000",-47 ,"$13,033",-11.6%,"-$6,917.9 ",-351.7%,"$17,716","$6,490"
244,Guardian Life Ins. Co. of America,"9,556",-5 ,"$13,015",4.5%,$464.9 ,2.1%,"$74,053",-
245,BJ's Wholesale Club,"26,383",-,"$13,007",2.0%,$127.3 ,153.0%,"$3,239","$3,777"
246,BB&T Corp.,"35,852",4 ,"$12,996",6.9%,"$3,237.0 ",35.2%,"$2,25,697","$35,541"
247,State Street Corp.,"40,142",12 ,"$12,973",10.2%,"$2,599.0 ",19.4%,"$2,44,626","$24,920"
248,Viacom,"10,880",-27 ,"$12,943",-2.4%,"$1,719.0 ",-8.3%,"$23,783","$11,531"
249,Ameriprise Financial,"14,062",3 ,"$12,924",7.0%,"$2,098.0 ",41.8%,"$1,37,216","$17,345"
250,Core-Mark Holding,"8,087",-3 ,"$12,904",5.6%,$45.5 ,35.8%,"$1,666","$1,703"
251,Reinsurance Group of America,"2,767",-17 ,"$12,876",2.9%,$715.8 ,-60.7%,"$64,535","$8,922"
252,VF,"69,000",-10 ,"$12,862",3.7%,$658.6 ,7.1%,"$10,311","$34,382"
253,Discover Financial Services,"16,600",10 ,"$12,848",11.3%,"$2,742.0 ",30.6%,"$1,09,553","$23,215"
254,Global Partners,"2,500",77 ,"$12,673",42.1%,$103.9 ,76.9%,"$2,424",$668
255,Edison International,"12,574",-11 ,"$12,657",2.7%,-$423.0 ,-174.9%,"$56,715","$20,174"
256,Oneok,"2,684",-7 ,"$12,593",3.4%,"$1,151.7 ",197.0%,"$18,232","$28,747"
257,Murphy USA,"6,800",22 ,"$12,524",15.4%,$213.6 ,-12.9%,"$2,361","$2,756"
258,Bed Bath & Beyond,"65,000",-10 ,"$12,349",1.1%,$424.9 ,-38.0%,"$7,041","$2,336"
259,Consolidated Edison,"15,307",-4 ,"$12,337",2.5%,"$1,382.0 ",-9.4%,"$53,920","$27,231"
260,CSX,"22,475",5 ,"$12,250",7.4%,"$3,309.0 ",-39.5%,"$36,729","$60,805"
261,J.C. Penney,"95,000",-26 ,"$12,019",-3.9%,-$255.0 ,-,"$7,721",$471
262,LKQ,"51,000",38 ,"$11,877",20.6%,$480.1 ,-10.0%,"$11,393","$8,926"
263,FirstEnergy,"12,494",-44 ,"$11,864",-12.9%,"$1,348.0 ",-,"$40,063","$22,060"
264,Steel Dynamics,"8,200",48 ,"$11,822",23.9%,"$1,258.4 ",54.8%,"$7,704","$7,863"
265,Lithia Motors,"13,643",29 ,"$11,821",17.2%,$265.7 ,8.4%,"$5,384","$2,147"
266,MGM Resorts International,"74,500",14 ,"$11,763",9.2%,$466.8 ,-76.2%,"$30,211","$13,777"
267,Tenneco,"81,000",53 ,"$11,763",26.8%,$55.0 ,-73.4%,"$13,232","$1,793"
268,Nvidia,"13,277",38 ,"$11,716",20.6%,"$4,141.0 ",35.9%,"$13,292","$1,08,813"
269,Sempra Energy,"16,823",2 ,"$11,687",4.3%,"$1,049.0 ",309.8%,"$60,638","$34,509"
270,Farmers Insurance Exchange,"12,740",-17 ,"$11,650",-3.5%,-$70.5 ,-,"$17,016",-
271,Ball,"17,500",6 ,"$11,635",5.9%,$454.0 ,21.4%,"$16,554","$19,335"
272,Group 1 Automotive,"14,570",1 ,"$11,601",4.3%,$157.8 ,-26.1%,"$5,001","$1,187"
273,Unum Group,"9,600",-6 ,"$11,599",2.8%,$523.4 ,-47.4%,"$61,876","$7,261"
274,Xcel Energy,"11,068",-8 ,"$11,537",1.2%,"$1,261.0 ",9.8%,"$45,987","$28,904"
275,Reliance Steel & Aluminum,"15,600",30 ,"$11,535",18.7%,$633.7 ,3.3%,"$8,045","$6,055"
276,Huntsman,"10,000",6 ,"$11,527",8.8%,$337.0 ,-47.0%,"$7,953","$5,252"
277,Norfolk Southern,"26,662",7 ,"$11,458",8.6%,"$2,666.0 ",-50.7%,"$36,239","$49,860"
278,Laboratory Corp. of America,"61,000",8 ,"$11,333",8.5%,$883.7 ,-30.3%,"$16,185","$15,096"
279,Corning,"51,500",14 ,"$11,290",11.6%,"$1,066.0 ",-,"$27,505","$25,991"
280,Expedia Group,"24,500",15 ,"$11,223",11.6%,$406.0 ,7.4%,"$18,033","$17,516"
281,AutoZone,"72,450",-3 ,"$11,221",3.1%,"$1,337.5 ",4.4%,"$9,347","$25,488"
282,W.W. Grainger,"23,850",5 ,"$11,221",7.6%,$782.0 ,33.5%,"$5,873","$16,733"
283,Quanta Services,"39,200",33 ,"$11,171",18.0%,$293.3 ,-6.9%,"$7,076","$5,336"
284,Crown Holdings,"33,429",54 ,"$11,151",28.2%,$439.0 ,35.9%,"$15,262","$7,385"
285,Office Depot,"44,000",-4 ,"$11,130",3.5%,$104.0 ,-42.5%,"$6,166","$1,972"
286,Baxter International,"50,000",-3 ,"$11,127",5.4%,"$1,624.0 ",126.5%,"$15,641","$41,559"
287,Lam Research,"10,900",67 ,"$11,077",38.2%,"$2,380.7 ",40.2%,"$12,480","$27,316"
288,Entergy,"13,688",-14 ,"$11,010",-0.6%,$848.7 ,106.2%,"$48,275","$18,215"
289,Charles Schwab,"19,500",41 ,"$10,989",22.6%,"$3,507.0 ",49.0%,"$2,96,482","$57,051"
290,L3 Technologies,"31,000",-14 ,"$10,841",-1.5%,"$1,005.0 ",48.4%,"$13,518","$16,368"
291,NRG Energy,"4,862",-22 ,"$10,797",-4.2%,$268.0 ,-,"$10,628","$11,851"
292,Live Nation Entertainment,"16,000",-2 ,"$10,788",4.4%,$60.2 ,-,"$8,497","$13,401"
293,Universal Health Services,"75,650",-25 ,"$10,772",-4.5%,$779.7 ,3.6%,"$11,266","$12,144"
294,Molson Coors Brewing,"17,750",-19 ,"$10,770",-2.1%,"$1,116.5 ",-28.7%,"$30,110","$12,958"
295,eBay,"14,000",14 ,"$10,746",12.3%,"$2,530.0 ",-,"$22,819","$33,979"
296,AES,"9,000",-82 ,"$10,736",-22.5%,"$1,203.0 ",-,"$32,521","$11,975"
297,Devon Energy,"2,880",-84 ,"$10,734",-23.0%,"$3,064.0 ",241.2%,"$19,566","$13,833"
298,Pacific Life,"3,776",15 ,"$10,699",12.5%,$913.0 ,-33.1%,"$1,57,699",-
299,CenterPoint Energy,"7,977",9 ,"$10,589",10.1%,$368.0 ,-79.5%,"$27,009","$15,394"
300,Discovery,"9,000",109 ,"$10,553",53.5%,$594.0 ,-,"$32,550","$13,633"
301,BorgWarner,"30,000",-,"$10,530",7.5%,$930.7 ,111.6%,"$10,095","$7,974"
302,Targa Resources,"2,460",32 ,"$10,484",18.9%,$1.6 ,-97.0%,"$16,938","$9,646"
303,Ally Financial,"8,200",-4 ,"$10,466",6.1%,"$1,263.0 ",36.0%,"$1,78,869","$11,025"
304,SunTrust Banks,"22,899",-1 ,"$10,431",7.1%,"$2,775.0 ",22.1%,"$2,15,543","$26,263"
305,IQVIA Holdings,"58,000",-1 ,"$10,412",6.9%,$259.0 ,-80.2%,"$22,549","$28,281"
306,American Family Insurance Group,"11,975",5 ,"$10,336",8.3%,$295.3 ,89.7%,"$27,503",-
307,Delek US Holdings,"3,717",77 ,"$10,266",39.7%,$340.1 ,17.8%,"$5,761","$2,822"
308,Navistar International,"13,100",34 ,"$10,250",19.6%,$340.0 ,1033.3%,"$7,230","$3,200"
309,Chesapeake Energy,"2,350",5 ,"$10,231",7.7%,$873.0 ,-8.0%,"$10,947","$5,058"
310,United Natural Foods,"10,000",9 ,"$10,227",10.3%,$165.7 ,27.3%,"$2,965",$672
311,Leidos Holdings,"32,000",-19 ,"$10,194",0.2%,$581.0 ,58.7%,"$8,770","$9,205"
312,PulteGroup,"5,086",29 ,"$10,188",18.8%,"$1,022.0 ",128.5%,"$10,173","$7,758"
313,Eastman Chemical,"14,595",-3 ,"$10,151",6.3%,"$1,080.0 ",-22.0%,"$15,995","$10,531"
314,Republic Services,"36,000",-18 ,"$10,041",0.0%,"$1,036.9 ",-18.9%,"$21,617","$25,852"
315,Mohawk Industries,"42,100",-,"$9,984",5.2%,$861.7 ,-11.3%,"$13,099","$9,122"
316,Sonic Automotive,"9,700",-18 ,"$9,952",0.9%,$51.7 ,-44.5%,"$3,797",$637
317,Owens & Minor,"17,900",1 ,"$9,839",5.6%,-$437.0 ,-700.3%,"$3,774",$258
318,Xerox,"32,400",-27 ,"$9,830",-4.2%,$361.0 ,85.1%,"$14,874","$7,308"
319,Boston Scientific,"32,000",9 ,"$9,823",8.6%,"$1,671.0 ",1506.7%,"$20,999","$53,367"
320,DCP Midstream,"2,650",24 ,"$9,822",16.1%,$298.0 ,30.1%,"$14,266","$4,737"
321,Autoliv,"62,091",-32 ,"$9,801",-5.6%,$190.4 ,-55.4%,"$6,722","$6,413"
322,Interpublic Group,"54,000",37 ,"$9,714",23.2%,$618.9 ,6.9%,"$15,620","$8,087"
323,Public Service Enterprise Group,"13,145",4 ,"$9,696",6.7%,"$1,438.0 ",-8.6%,"$45,326","$30,002"
324,PVH,"29,350",8 ,"$9,657",8.3%,$746.4 ,38.8%,"$11,864","$9,164"
325,Mosaic,"13,600",57 ,"$9,587",29.4%,$470.0 ,-,"$20,119","$10,527"
326,Advance Auto Parts,"55,500",-9 ,"$9,581",2.2%,$423.8 ,-10.9%,"$9,041","$12,222"
327,Altice USA,"11,993",-,"$9,567",2.6%,$18.8 ,-98.8%,"$33,614","$14,708"
328,Hormel Foods,"20,100",-5 ,"$9,546",4.1%,"$1,012.1 ",19.5%,"$8,142","$23,977"
329,O'Reilly Automotive,"64,325",-,"$9,536",6.2%,"$1,324.5 ",16.8%,"$7,981","$30,438"
330,Calpine,"2,282",6 ,"$9,512",8.7%,$10.0 ,-,"$16,062",-
331,Hertz Global Holdings,"38,000",4 ,"$9,504",8.0%,-$225.0 ,-168.8%,"$21,382","$1,458"
332,First Data,"19,000",-78 ,"$9,498",-21.2%,"$1,005.0 ",-31.4%,"$38,327","$24,767"
333,Pioneer Natural Resources,"3,177",164 ,"$9,415",72.6%,$978.0 ,17.4%,"$17,903","$25,639"
334,Coty,"20,000",37 ,"$9,398",22.8%,-$168.8 ,-,"$22,630","$8,640"
335,AGCO,"21,200",12 ,"$9,352",12.6%,$285.5 ,53.2%,"$7,626","$5,335"
336,Mutual of Omaha Insurance,"6,314",1 ,"$9,347",7.0%,$277.3 ,-67.9%,"$43,913",-
337,Vistra Energy,"5,275",162 ,"$9,144",68.4%,-$54.0 ,-,"$26,024","$12,648"
338,Avis Budget Group,"25,600",-5 ,"$9,124",3.1%,$165.0 ,-54.3%,"$19,149","$2,646"
339,Adobe,"21,357",50 ,"$9,030",23.7%,"$2,590.8 ",52.9%,"$18,769","$1,30,034"
340,Peter Kiewit Sons',"20,000",-1 ,"$9,025",4.0%,$468.0 ,26.1%,"$4,760",-
341,News Corp.,"28,000",9 ,"$9,024",10.9%,"-$1,514.0 ",-,"$16,346","$7,287"
342,Brighthouse Financial,"1,260",-,"$8,965",-,$865.0 ,-,"$2,06,294","$4,230"
343,Voya Financial,"6,000",-36 ,"$8,934",-7.5%,$875.0 ,-,"$1,54,682","$7,291"
344,Air Products & Chemicals,"16,150",1 ,"$8,930",5.8%,"$1,497.8 ",-50.1%,"$19,178","$41,941"
345,Hilton Worldwide Holdings,"1,69,000",-21 ,"$8,906",-2.6%,$764.0 ,-39.3%,"$13,995","$24,293"
346,GameStop,"33,000",-24 ,"$8,851",-4.1%,-$673.0 ,-2039.5%,"$4,044","$1,036"
347,Veritiv,"8,700",-1 ,"$8,696",4.0%,-$15.7 ,-,"$2,530",$419
348,Williams,"5,322",5 ,"$8,686",8.2%,-$155.0 ,-107.1%,"$45,302","$34,801"
349,Campbell Soup,"23,000",9 ,"$8,685",10.1%,$261.0 ,-70.6%,"$14,529","$11,482"
350,Rockwell Collins,"31,200",65 ,"$8,665",27.0%,"$1,032.0 ",46.4%,"$19,026",-
351,Thrivent Financial for Lutherans,"3,708",-8 ,"$8,635",1.3%,"$1,233.9 ",121.0%,"$94,483",-
352,Westlake Chemical,"8,870",-,"$8,635",7.4%,$996.0 ,-23.6%,"$11,602","$8,718"
353,Univar,"8,500",-4 ,"$8,633",4.6%,$172.3 ,43.8%,"$5,272","$3,761"
354,J.B. Hunt Transport Services,"27,621",41 ,"$8,615",19.8%,$489.6 ,-28.7%,"$5,092","$11,014"
355,Frontier Communications,"21,173",-30 ,"$8,611",-5.7%,-$643.0 ,-,"$23,659",$210
356,Jones Financial (Edward Jones),"47,000",20 ,"$8,594",13.1%,$990.0 ,13.5%,"$15,815",-
357,National Oilwell Varco,"34,642",31 ,"$8,453",15.7%,-$31.0 ,-,"$19,796","$10,215"
358,Eversource Energy,"7,998",6 ,"$8,448",9.0%,"$1,033.0 ",4.6%,"$38,241","$22,513"
359,Dick's Sporting Goods,"27,950",-19 ,"$8,437",-1.8%,$319.9 ,-1.1%,"$4,187","$3,545"
360,Genworth Financial,"3,500",-12 ,"$8,430",1.6%,$119.0 ,-85.4%,"$1,00,923","$1,919"
361,Fidelity National Information Services,"47,000",-35 ,"$8,423",-7.7%,$846.0 ,-35.9%,"$23,770","$36,547"
362,Yum China Holdings,"4,50,000",35 ,"$8,415",17.8%,$708.0 ,75.7%,"$4,610","$17,019"
363,Ryder System,"39,600",24 ,"$8,409",14.7%,$273.3 ,-65.4%,"$13,051","$3,303"
364,Anixter International,"9,300",-7 ,"$8,400",6.0%,$156.3 ,43.4%,"$4,653","$1,879"
365,Caesars Entertainment,"66,000",-,"$8,391",72.9%,$303.0 ,-,"$25,775","$5,824"
366,Masco,"26,000",7 ,"$8,359",9.4%,$734.0 ,37.7%,"$5,393","$11,569"
367,Thor Industries,"17,500",25 ,"$8,329",14.9%,$430.2 ,14.9%,"$2,779","$3,434"
368,Alaska Air Group,"23,376",-13 ,"$8,264",4.2%,$437.0 ,-57.7%,"$10,912","$6,937"
369,Amphenol,"73,600",34 ,"$8,202",17.0%,"$1,205.0 ",85.2%,"$10,045","$28,151"
370,WESCO International,"9,100",-,"$8,177",6.5%,$227.3 ,39.1%,"$4,605","$2,396"
371,Huntington Ingalls Industries,"40,000",10 ,"$8,176",9.9%,$836.0 ,74.5%,"$6,383","$8,631"
372,Jefferies Financial Group,"4,700",-131 ,"$8,152",-34.3%,"$1,026.8 ",497.9%,"$47,131","$5,687"
373,Dana,"30,900",20 ,"$8,143",13.0%,$427.0 ,284.7%,"$5,918","$2,545"
374,Expeditors Intl. of Washington,"17,400",34 ,"$8,138",17.6%,$618.2 ,26.3%,"$3,315","$13,044"
375,EMCOR Group,"33,000",-7 ,"$8,131",5.8%,$283.5 ,24.8%,"$4,089","$4,092"
376,Darden Restaurants,"1,80,656",20 ,"$8,080",12.7%,$596.0 ,24.4%,"$5,470","$15,003"
377,SpartanNash,"11,400",-26 ,"$8,065",-0.8%,$33.6 ,-,"$1,972",$571
378,Assurant,"14,250",62 ,"$8,058",25.6%,$251.0 ,-51.7%,"$41,089","$5,854"
379,United Rentals,"18,500",45 ,"$8,047",21.2%,"$1,096.0 ",-18.6%,"$18,133","$9,002"
380,Liberty Media,"4,641",-3 ,"$8,040",5.9%,$531.0 ,-60.8%,"$40,828","$12,350"
381,Erie Insurance Group,"5,547",-3 ,"$8,031",6.6%,$686.3 ,-20.0%,"$21,178",-
382,Auto-Owners Insurance,"5,517",-7 ,"$7,999",5.2%,$754.5 ,16.8%,"$24,476",-
383,Cheniere Energy,"1,372",106 ,"$7,987",42.6%,$471.0 ,-,"$31,987","$17,597"
384,Fifth Third Bancorp,"17,437",-18 ,"$7,973",3.4%,"$2,193.0 ",0.0%,"$1,46,069","$19,447"
385,Foot Locker,"32,401",-22 ,"$7,939",2.0%,$541.0 ,90.5%,"$3,820","$6,841"
386,Conagra Brands,"12,400",-65 ,"$7,938",-14.0%,$808.4 ,26.5%,"$10,390","$13,472"
387,Zimmer Biomet Holdings,"19,800",-26 ,"$7,933",1.4%,-$379.2 ,-120.9%,"$24,127","$26,125"
388,Tractor Supply,"22,000",3 ,"$7,911",9.0%,$532.4 ,26.0%,"$3,085","$11,840"
389,Berry Global Group,"24,000",10 ,"$7,869",10.9%,$496.0 ,45.9%,"$9,131","$7,025"
390,Alliance Data Systems,"20,000",-25 ,"$7,791",0.9%,$963.1 ,22.1%,"$30,388","$9,274"
391,Hershey,"15,675",-12 ,"$7,791",3.7%,"$1,177.6 ",50.4%,"$7,703","$23,944"
392,PPL,"12,444",-12 ,"$7,785",4.5%,"$1,827.0 ",62.0%,"$43,396","$22,883"
393,Dean Foods,"15,000",-31 ,"$7,755",-0.5%,-$326.9 ,-630.8%,"$2,119",$278
394,Builders FirstSource,"15,000",6 ,"$7,725",9.8%,$205.2 ,429.1%,"$2,932","$1,539"
395,Oshkosh,"15,000",19 ,"$7,706",12.8%,$471.9 ,65.2%,"$5,294","$5,263"
396,EnLink Midstream,"1,449",-,"$7,699",34.1%,-$13.2 ,-106.2%,"$10,694","$6,219"
397,W.R. Berkley,"7,448",-28 ,"$7,692",0.1%,$640.7 ,16.7%,"$24,896","$10,337"
398,WEC Energy Group,"7,878",-26 ,"$7,680",0.4%,"$1,059.3 ",-12.0%,"$33,476","$24,946"
399,JetBlue Airways,"18,268",3 ,"$7,658",9.2%,$188.0 ,-83.6%,"$10,426","$5,015"
400,UGI,"13,000",57 ,"$7,651",25.0%,$718.7 ,64.6%,"$11,981","$9,634"
401,A-Mark Precious Metals,184,3 ,"$7,606",8.8%,-$3.4 ,-147.9%,$743,$84
402,Fidelity National Financial,"23,436",-100 ,"$7,594",-22.3%,$628.0 ,-18.5%,"$9,301","$10,063"
403,Constellation Brands,"9,600",-17 ,"$7,585",3.5%,"$2,318.9 ",51.1%,"$20,539","$33,210"
404,Quest Diagnostics,"46,000",-37 ,"$7,531",-2.3%,$736.0 ,-4.7%,"$11,003","$12,073"
405,Activision Blizzard,"9,900",-4 ,"$7,500",6.9%,"$1,813.0 ",564.1%,"$17,835","$34,777"
406,Weyerhaeuser,"9,300",-12 ,"$7,476",3.9%,$748.0 ,28.5%,"$17,249","$19,663"
407,Raymond James Financial,"13,900",24 ,"$7,476",14.6%,$856.7 ,34.7%,"$37,413","$11,341"
408,Casey's General Stores,"27,561",17 ,"$7,472",12.5%,$317.9 ,79.1%,"$3,470","$4,717"
409,Keurig Dr Pepper,"25,500",9 ,"$7,442",11.2%,$586.0 ,-45.5%,"$48,918","$39,328"
410,American Tower,"5,026",9 ,"$7,440",11.6%,"$1,236.4 ",-0.2%,"$33,010","$86,930"
411,Apache,"3,420",27 ,"$7,424",15.6%,$40.0 ,-96.9%,"$21,582","$13,012"
412,Dover,"24,000",-52 ,"$7,396",-5.6%,$570.3 ,-29.7%,"$8,366","$13,621"
413,KeyCorp,"18,180",-1 ,"$7,393",7.6%,"$1,866.0 ",44.0%,"$1,39,613","$15,888"
414,J.M. Smucker,"7,000",-31 ,"$7,357",-0.5%,"$1,338.6 ",126.0%,"$15,301","$13,252"
415,Citizens Financial Group,"18,140",20 ,"$7,354",13.9%,"$1,721.0 ",4.2%,"$1,60,518","$14,963"
416,Motorola Solutions,"16,000",27 ,"$7,343",15.1%,$966.0 ,-,"$9,409","$23,090"
417,Magellan Health,"10,500",58 ,"$7,314",25.3%,$24.2 ,-78.1%,"$2,979","$1,577"
418,American Axle & Manufacturing,"25,000",31 ,"$7,270",16.0%,-$57.5 ,-117.1%,"$7,511","$1,599"
419,Newmont Goldcorp,"12,442",-34 ,"$7,253",-1.3%,$341.0 ,-,"$20,715","$19,054"
420,Spirit AeroSystems Holdings,"17,000",-15 ,"$7,222",3.4%,$617.0 ,73.9%,"$5,686","$9,672"
421,Western & Southern Financial Group,"2,769",55 ,"$7,205",23.5%,$495.0 ,59.4%,"$50,636",-
422,Fortive,"24,000",-2 ,"$7,203",8.2%,"$2,913.8 ",179.0%,"$12,906","$28,072"
423,Graybar Electric,"8,700",3 ,"$7,203",8.6%,$143.3 ,100.1%,"$2,491",-
424,NVR,"5,600",20 ,"$7,190",13.7%,$797.2 ,48.3%,"$3,166","$10,037"
425,Avery Dennison,"30,000",2 ,"$7,159",8.2%,$467.4 ,65.9%,"$5,178","$9,489"
426,Celanese,"7,684",29 ,"$7,155",16.5%,"$1,207.0 ",43.2%,"$9,313","$12,607"
427,American Financial Group,"7,600",-14 ,"$7,150",4.2%,$530.0 ,11.6%,"$63,456","$8,593"
428,Toll Brothers,"4,900",52 ,"$7,143",22.8%,$748.2 ,39.7%,"$10,245","$5,283"
429,Sanmina,"41,200",-18 ,"$7,110",3.5%,-$95.5 ,-168.8%,"$4,085","$1,974"
430,Insight Enterprises,"7,420",-13 ,"$7,080",5.6%,$163.7 ,80.5%,"$2,776","$1,955"
431,Owens Corning,"20,000",11 ,"$7,057",10.5%,$545.0 ,88.6%,"$9,771","$5,163"
432,Packaging Corp. of America,"15,000",4 ,"$7,015",8.8%,$738.0 ,10.4%,"$6,570","$9,391"
433,TravelCenters of America,"18,277",32 ,"$6,974",15.2%,-$120.6 ,-1401.6%,"$1,442",$166
434,Olin,"6,500",14 ,"$6,946",10.8%,$327.9 ,-40.3%,"$8,997","$3,816"
435,Arthur J. Gallagher,"30,362",19 ,"$6,934",12.6%,$633.5 ,36.8%,"$16,334","$14,466"
436,MasTec,"19,000",-8 ,"$6,909",4.6%,$259.7 ,-25.2%,"$4,440","$3,657"
437,Alleghany,"9,300",-,"$6,887",7.2%,$39.5 ,-56.1%,"$25,345","$8,855"
438,Owens-Illinois,"26,500",-28 ,"$6,877",0.1%,$257.0 ,42.8%,"$9,699","$2,916"
439,Asbury Automotive Group,"8,200",-5 ,"$6,874",6.5%,$168.0 ,20.8%,"$2,695","$1,353"
440,CMS Energy,"8,291",-11 ,"$6,873",4.4%,$657.0 ,42.8%,"$24,529","$15,760"
441,Markel,"17,400",23 ,"$6,841",12.9%,-$128.2 ,-132.4%,"$33,306","$13,813"
442,Blackstone Group,"2,615",-44 ,"$6,833",-4.0%,"$1,541.8 ",4.8%,"$28,925","$23,031"
443,AK Steel Holding,"9,500",18 ,"$6,818",12.1%,$186.0 ,2900.0%,"$4,516",$870
444,Hanesbrands,"68,000",-11 ,"$6,804",5.0%,$553.1 ,793.6%,"$7,256","$6,463"
445,R.R. Donnelley & Sons,"39,500",-39 ,"$6,800",-2.0%,-$11.0 ,-,"$3,641",$333
446,Wayfair,"12,124",-,"$6,779",43.6%,-$504.1 ,-,"$1,891","$13,524"
447,Regions Financial,"19,969",13 ,"$6,762",11.0%,"$1,759.0 ",39.3%,"$1,25,688","$14,401"
448,Wynn Resorts,"26,000",-1 ,"$6,718",6.5%,$572.4 ,-23.4%,"$13,216","$12,844"
449,Ulta Beauty,"30,000",22 ,"$6,717",14.1%,$658.6 ,18.6%,"$3,191","$20,684"
450,Regeneron Pharmaceuticals,"7,400",23 ,"$6,711",14.3%,"$2,444.4 ",104.0%,"$11,735","$44,871"
451,Burlington Stores,"44,000",8 ,"$6,669",9.1%,$414.7 ,7.8%,"$3,079","$10,510"
452,Rockwell Automation,"23,000",-7 ,"$6,666",5.6%,$535.5 ,-35.1%,"$6,262","$20,975"
453,Northern Trust,"18,800",33 ,"$6,659",16.5%,"$1,556.4 ",29.8%,"$1,32,213","$19,754"
454,Chemours,"7,000",-3 ,"$6,638",7.4%,$995.0 ,33.4%,"$7,362","$6,179"
455,Seaboard,"12,600",26 ,"$6,583",13.3%,-$17.0 ,-106.9%,"$5,307","$5,002"
456,Marathon Oil,"2,400",-,"$6,582",27.7%,"$1,096.0 ",-,"$21,321","$13,677"
457,Ascena Retail Group,"39,500",-34 ,"$6,578",-1.1%,-$39.7 ,-,"$3,571",$213
458,Dillard's,"31,005",-19 ,"$6,503",1.3%,$170.3 ,-23.1%,"$3,431","$1,898"
459,Cintas,"41,000",41 ,"$6,487",19.5%,$842.6 ,75.3%,"$6,958","$21,208"
460,Advanced Micro Devices,"10,100",-,"$6,475",21.5%,$337.0 ,683.7%,"$4,556","$27,602"
461,Hess,"1,708",-,"$6,466",19.6%,-$282.0 ,-,"$21,433","$18,252"
462,M&T Bank Corp.,"16,840",5 ,"$6,455",7.2%,"$1,918.1 ",36.2%,"$1,20,097","$21,741"
463,ABM Industries,"1,40,000",35 ,"$6,442",18.1%,$97.8 ,2473.7%,"$3,628","$2,408"
464,Beacon Roofing Supply,"8,356",-,"$6,418",46.6%,$98.6 ,-2.2%,"$6,509","$2,201"
465,NCR,"34,000",-33 ,"$6,405",-1.7%,-$88.0 ,-137.9%,"$7,761","$3,246"
466,iHeartMedia,"18,300",-14 ,"$6,326",2.6%,-$201.9 ,-,"$12,270",$97
467,Franklin Resources,"9,691",-26 ,"$6,319",-1.1%,$764.4 ,-54.9%,"$14,384","$16,885"
468,Ameren,"8,838",-15 ,"$6,291",1.8%,$815.0 ,55.8%,"$27,215","$18,051"
469,Intercontinental Exchange,"5,161",8 ,"$6,276",7.6%,"$1,988.0 ",-20.9%,"$92,791","$43,074"
470,S&P Global,"21,200",-7 ,"$6,258",3.2%,"$1,958.0 ",30.9%,"$9,458","$51,812"
471,Post Holdings,"11,550",-,"$6,257",19.7%,$467.3 ,867.5%,"$13,058","$7,275"
472,Analog Devices,"15,800",-,"$6,201",21.4%,"$1,495.4 ",105.6%,"$20,450","$38,772"
473,Ralph Lauren,"18,150",-52 ,"$6,182",-7.1%,$162.8 ,-,"$6,143","$10,196"
474,Harris,"17,500",-67 ,"$6,182",-10.9%,$718.0 ,29.8%,"$9,839","$18,840"
475,Booz Allen Hamilton,"24,600",7 ,"$6,172",6.3%,$305.1 ,20.8%,"$3,603","$8,144"
476,Polaris Industries,"12,000",20 ,"$6,166",12.0%,$335.3 ,94.4%,"$4,125","$5,153"
477,Clorox,"8,700",-9 ,"$6,124",2.5%,$823.0 ,17.4%,"$5,060","$20,565"
478,Realogy Holdings,"11,400",-20 ,"$6,079",-0.6%,$137.0 ,-68.2%,"$7,290","$1,302"
479,HD Supply Holdings,"11,500",-49 ,"$6,047",-7.5%,$394.0 ,-59.4%,"$4,233","$7,402"
480,Graphic Packaging Holding,"18,000",-,"$6,023",36.8%,$221.1 ,-26.3%,"$7,059","$3,733"
481,Old Republic International,"9,000",-31 ,"$6,022",-3.9%,$370.5 ,-33.9%,"$19,327","$6,334"
482,Intuit,"8,900",-,"$5,964",15.2%,"$1,211.0 ",24.7%,"$5,178","$67,724"
483,NetApp,"10,300",12 ,"$5,911",7.1%,$76.0 ,-85.1%,"$9,865","$17,125"
484,Tapestry,"16,900",-,"$5,880",31.0%,$397.5 ,-32.7%,"$6,678","$9,421"
485,ON Semiconductor,"35,700",7 ,"$5,878",6.0%,$627.4 ,-22.6%,"$7,588","$8,475"
486,Ingredion,"11,000",-8 ,"$5,841",0.2%,$443.0 ,-14.6%,"$5,728","$6,313"
487,Zoetis,"10,000",-,"$5,825",9.8%,"$1,428.0 ",65.3%,"$10,777","$48,198"
488,Fiserv,"24,000",-1 ,"$5,823",2.2%,"$1,187.0 ",-4.7%,"$11,262","$34,603"
489,TreeHouse Foods,"12,700",-43 ,"$5,812",-7.8%,-$61.4 ,-,"$5,599","$3,614"
490,Robert Half International,"18,900",-,"$5,800",10.1%,$434.3 ,49.5%,"$1,903","$7,759"
491,First American Financial,"18,251",-8 ,"$5,748",-0.4%,$474.5 ,12.2%,"$10,631","$5,765"
492,Harley-Davidson,"5,900",-4 ,"$5,717",1.2%,$531.5 ,1.9%,"$10,666","$5,671"
493,Windstream Holdings,"11,945",-19 ,"$5,713",-2.4%,-$723.0 ,-,"$10,258",$13
494,Yum Brands,"34,000",-22 ,"$5,688",-3.2%,"$1,542.0 ",15.1%,"$4,130","$30,583"
495,Williams-Sonoma,"19,800",-,"$5,672",7.2%,$333.7 ,28.6%,"$2,813","$4,435"
496,Simon Property Group,"4,150",-3 ,"$5,658",2.2%,"$2,440.1 ",25.3%,"$30,686","$56,302"
497,Navient,"6,500",-,"$5,610",8.3%,$395.0 ,35.3%,"$1,04,176","$2,829"
498,Western Union,"12,000",-4 ,"$5,590",1.2%,$851.9 ,-,"$8,997","$8,051"
499,Peabody Energy,"7,400",-8 ,"$5,582",0.1%,$646.9 ,-,"$7,424","$3,066"
500,Levi Strauss,"15,100",-,"$5,575",13.7%,$283.1 ,0.6%,"$3,543","$9,208"